COD_PERSONA,NOMBRE,APELLIDO,CARRERA,SEXO,PER_INGRESO,ESTADO_CIVIL,TIPO_COLEGIO,PTJE_INGRESO,BECA_VIGENTE,DEPARTAMENTO_PRO,PROVINCIA_PRO,DISTRITO_PRO,DEPARTAMENTO_RES,PROVINCIA_RES,DISTRITO_RES,CONTRASENIA
33277,Esteban,Domínguez,Computer Science,M,2017-01,S,Privada Particular,143.0,1,AREQUIPA,AREQUIPA,AREQUIPA,AREQUIPA,AREQUIPA,PAUCARPATA,DPD_33277
38231,Mateo,Vega,Computer Science,M,2019-01,S,Pública Sector Educación,324.0,1,CUSCO,CUSCO,WANCHAQ,AREQUIPA,AREQUIPA,PAUCARPATA,DPD_38231
35818,Alejandro,Maldonado,Computer Science,M,2018-01,S,Pública Sector Educación,150.0,1,AREQUIPA,AREQUIPA,AREQUIPA,AREQUIPA,CAYLLOMA,CHIVAY,DPD_35818
29233,Ricardo,Vega,Computer Science,M,2016-02,S,Privada Particular,105.0,1,MOQUEGUA,ILO,ILO,AREQUIPA,AREQUIPA,CAYMA,DPD_29233
37416,Valentina,Villalobos,Computer Science,F,2019-01,S,Privada Particular,297.0,1,AREQUIPA,AREQUIPA,AREQUIPA,AREQUIPA,AREQUIPA,CERRO COLORADO,DPD_37416
35086,Olivia,Navarro,Computer Science,F,2018-01,S,Privada Particular,143.0,0,AREQUIPA,AREQUIPA,PAUCARPATA,AREQUIPA,AREQUIPA,PAUCARPATA,DPD_35086
37828,César,Herrera,Computer Science,M,2019-01,S,Pública Sector Educación,328.0,1,AREQUIPA,ISLAY,MOLLENDO,AREQUIPA,ISLAY,MOLLENDO,DPD_37828
38722,Roberto,Espinoza,Computer Science,M,2019-01,S,Privada Particular,199.0,0,AREQUIPA,AREQUIPA,AREQUIPA,AREQUIPA,AREQUIPA,YANAHUARA,DPD_38722
38311,Carlos,Vargas,Computer Science,M,2019-01,S,Pública en Convenio,297.0,0,AREQUIPA,AREQUIPA,AREQUIPA,AREQUIPA,AREQUIPA,CERRO COLORADO,DPD_38311
35053,Diego,Sánchez,Computer Science,M,2018-01,S,Privada Particular,150.0,1,AREQUIPA,CAMANA,SAMUEL PASTOR,AREQUIPA,AREQUIPA,YANAHUARA,DPD_35053
33392,Fernando,Bustamante,Computer Science,M,2017-01,S,Privada Parroquial,113.0,0,AREQUIPA,AREQUIPA,JOSE LUIS BUSTAMANTE Y RIVERO,AREQUIPA,AREQUIPA,CAYMA,DPD_33392
32324,Ricardo,Paredes,Computer Science,M,2017-01,S,Privada Particular,128.0,1,AREQUIPA,AREQUIPA,AREQUIPA,AREQUIPA,AREQUIPA,JOSE LUIS BUSTAMANTE Y RIVERO,DPD_32324
37031,Carolina,Domínguez,Computer Science,F,2019-01,S,Privada Particular,357.0,1,AREQUIPA,AREQUIPA,AREQUIPA,AREQUIPA,AREQUIPA,JOSE LUIS BUSTAMANTE Y RIVERO,DPD_37031
29018,Ricardo,Cortés,Computer Science,M,2016-01,S,Privada Particular,135.0,0,AREQUIPA,AREQUIPA,AREQUIPA,AREQUIPA,AREQUIPA,JOSE LUIS BUSTAMANTE Y RIVERO,DPD_29018
32651,Hugo,Maldonado,Computer Science,M,2017-01,S,Pública en Convenio,143.0,1,AREQUIPA,AREQUIPA,PAUCARPATA,AREQUIPA,AREQUIPA,MARIANO MELGAR,DPD_32651
37839,Agustín,Ayala,Computer Science,M,2019-01,S,Privada Particular,298.0,0,AREQUIPA,AREQUIPA,AREQUIPA,AREQUIPA,AREQUIPA,SACHACA,DPD_37839
37455,Manuela,Silva,Computer Science,F,2019-01,S,Privada Particular,357.0,1,AREQUIPA,AREQUIPA,AREQUIPA,AREQUIPA,AREQUIPA,MIRAFLORES,DPD_37455
37427,Tomás,Muñoz,Computer Science,M,2019-01,S,Privada Particular,187.0,0,AREQUIPA,AREQUIPA,AREQUIPA,AREQUIPA,AREQUIPA,CERRO COLORADO,DPD_37427
33457,Nicolás,García,Computer Science,M,2018-02,S,Privada Particular,143.0,0,MOQUEGUA,MARISCAL NIETO,MOQUEGUA,MOQUEGUA,MARISCAL NIETO,MOQUEGUA,DPD_33457
19391,Fernando,Ramírez,Computer Science,M,2019-01,S,Pública en Convenio,324.0,0,PUNO,PUNO,PUNO,AREQUIPA,AREQUIPA,ALTO SELVA ALEGRE,DPD_19391
37042,Elena,Martínez,Computer Science,F,2019-01,S,Privada Particular,357.0,1,AREQUIPA,AREQUIPA,AREQUIPA,AREQUIPA,AREQUIPA,MIRAFLORES,DPD_37042
38114,Mateo,López,Computer Science,M,2019-01,S,Privada Particular,205.0,0,AREQUIPA,AREQUIPA,AREQUIPA,AREQUIPA,AREQUIPA,PAUCARPATA,DPD_38114
32589,Diego,Vega,Computer Science,M,2017-01,S,Pública en Convenio,150.0,1,AREQUIPA,AREQUIPA,AREQUIPA,AREQUIPA,AREQUIPA,MARIANO MELGAR,DPD_32589
30292,Sergio,Silva,Computer Science,M,2016-01,S,Privada Particular,128.0,0,AREQUIPA,AREQUIPA,AREQUIPA,AREQUIPA,AREQUIPA,MARIANO MELGAR,DPD_30292
28739,Valentina,Villalobos,Computer Science,F,2016-01,S,Privada Particular,128.0,1,AREQUIPA,AREQUIPA,AREQUIPA,AREQUIPA,AREQUIPA,SOCABAYA,DPD_28739
35408,Luis,Ramírez,Computer Science,M,2018-01,S,Privada Particular,113.0,0,AREQUIPA,AREQUIPA,AREQUIPA,AREQUIPA,AREQUIPA,ALTO SELVA ALEGRE,DPD_35408
23880,Agustín,Molina,Computer Science,M,2016-02,S,Privada Particular,135.0,1,AREQUIPA,AREQUIPA,AREQUIPA,AREQUIPA,AREQUIPA,CERRO COLORADO,DPD_23880
38830,Luis,Olivares,Computer Science,M,2019-01,S,Pública Sector Educación,268.0,0,LIMA,LIMA,MIRAFLORES,AREQUIPA,AREQUIPA,JOSE LUIS BUSTAMANTE Y RIVERO,DPD_38830
35195,Renata,Cortés,Computer Science,F,2018-01,S,Privada Particular,150.0,0,AREQUIPA,AREQUIPA,PAUCARPATA,AREQUIPA,AREQUIPA,PAUCARPATA,DPD_35195
28445,Tomás,Pérez,Computer Science,M,2016-01,S,Pública Sector Educación,135.0,1,LIMA,LIMA,LIMA,LIMA,HUARAL,CHANCAY,DPD_28445
29383,César,García,Computer Science,M,2016-01,S,Privada Parroquial,120.0,0,AREQUIPA,AREQUIPA,AREQUIPA,AREQUIPA,AREQUIPA,CERRO COLORADO,DPD_29383
35972,Sergio,Domínguez,Computer Science,M,2018-01,S,Privada Particular,150.0,1,AREQUIPA,AREQUIPA,AREQUIPA,AREQUIPA,AREQUIPA,JOSE LUIS BUSTAMANTE Y RIVERO,DPD_35972
29192,Bruno,Morales,Computer Science,M,2016-01,S,Privada Particular,120.0,0,AREQUIPA,AREQUIPA,AREQUIPA,AREQUIPA,AREQUIPA,AREQUIPA,DPD_29192
28602,Adriana,Rivera,Computer Science,F,2016-01,S,Privada Particular,135.0,0,LIMA,LIMA,MIRAFLORES,LIMA,LIMA,SANTIAGO DE SURCO,DPD_28602
36215,Carolina,Romero,Computer Science,F,2018-01,S,Pública en Convenio,150.0,0,AREQUIPA,AREQUIPA,AREQUIPA,AREQUIPA,AREQUIPA,CERRO COLORADO,DPD_36215
37417,Rafael,González,Computer Science,M,2019-01,S,Privada Particular,357.0,0,CUSCO,CUSCO,SANTIAGO,AREQUIPA,AREQUIPA,MIRAFLORES,DPD_37417
33890,Fernando,León,Computer Science,M,2017-01,S,Pública en Convenio,143.0,1,AREQUIPA,AREQUIPA,PAUCARPATA,AREQUIPA,AREQUIPA,PAUCARPATA,DPD_33890
35210,Marcos,Gutiérrez,Computer Science,M,2018-01,S,Privada Particular,120.0,0,AREQUIPA,AREQUIPA,AREQUIPA,AREQUIPA,AREQUIPA,CERRO COLORADO,DPD_35210
32595,Diego,González,Computer Science,M,2017-01,S,Privada Particular,150.0,0,AREQUIPA,AREQUIPA,AREQUIPA,AREQUIPA,AREQUIPA,JOSE LUIS BUSTAMANTE Y RIVERO,DPD_32595
37808,Carlos,Soto,Computer Science,M,2019-01,S,Privada Particular,206.0,0,LA LIBERTAD,TRUJILLO,TRUJILLO,AREQUIPA,AREQUIPA,CERRO COLORADO,DPD_37808
29038,Hugo,Vega,Computer Science,M,2016-01,S,Privada Parroquial,120.0,0,AREQUIPA,AREQUIPA,AREQUIPA,AREQUIPA,AREQUIPA,ALTO SELVA ALEGRE,DPD_29038
35829,Luis,Coronado,Computer Science,M,2018-01,S,Privada Particular,105.0,0,AREQUIPA,AREQUIPA,AREQUIPA,AREQUIPA,AREQUIPA,JOSE LUIS BUSTAMANTE Y RIVERO,DPD_35829
31497,Fernando,Muñoz,Computer Science,M,2018-02,S,Privada Particular,143.0,0,AREQUIPA,AREQUIPA,JACOBO HUNTER,AREQUIPA,AREQUIPA,CERRO COLORADO,DPD_31497
32858,Mario,Maldonado,Computer Science,M,2017-01,S,Pública en Convenio,135.0,0,CUSCO,CUSCO,WANCHAQ,AREQUIPA,AREQUIPA,SACHACA,DPD_32858
29241,Marcos,Peña,Computer Science,M,2017-01,S,Privada Particular,128.0,0,ICA,NASCA,MARCONA,AREQUIPA,AREQUIPA,CERRO COLORADO,DPD_29241
29100,César,Ortiz,Computer Science,M,2017-02,S,Privada Particular,120.0,0,AREQUIPA,AREQUIPA,AREQUIPA,AREQUIPA,AREQUIPA,AREQUIPA,DPD_29100
38283,Mario,Bustamante,Computer Science,M,2019-01,S,Privada Particular,324.0,0,AREQUIPA,AREQUIPA,AREQUIPA,AREQUIPA,AREQUIPA,MIRAFLORES,DPD_38283
35560,Esteban,Pérez,Computer Science,M,2018-01,S,Privada Particular,105.0,0,AREQUIPA,AREQUIPA,AREQUIPA,AREQUIPA,AREQUIPA,MIRAFLORES,DPD_35560
35877,Ricardo,Molina,Computer Science,M,2018-01,S,Privada Parroquial,135.0,1,AREQUIPA,AREQUIPA,AREQUIPA,AREQUIPA,AREQUIPA,PAUCARPATA,DPD_35877
30250,Manuela,Hernández,Computer Science,F,2016-01,S,Privada Particular,135.0,0,PUNO,SAN ROMAN,JULIACA,PUNO,SAN ROMAN,JULIACA,DPD_30250
37842,Rodrigo,Flores,Computer Science,M,2019-01,S,Privada Parroquial,328.0,0,AREQUIPA,AREQUIPA,AREQUIPA,AREQUIPA,AREQUIPA,AREQUIPA,DPD_37842
33307,Tomás,Flores,Computer Science,M,2019-01,S,Privada Particular,170.0,0,AREQUIPA,AREQUIPA,AREQUIPA,AREQUIPA,AREQUIPA,ALTO SELVA ALEGRE,DPD_33307
35327,Sergio,Aguilar,Computer Science,M,2018-01,S,Privada Particular,145.0,0,AREQUIPA,AREQUIPA,AREQUIPA,AREQUIPA,AREQUIPA,AREQUIPA,DPD_35327
38167,Mario,Contreras,Computer Science,M,2019-01,S,Privada Particular,183.0,0,AREQUIPA,AREQUIPA,AREQUIPA,AREQUIPA,AREQUIPA,SACHACA,DPD_38167
36449,Fabián,Silva,Computer Science,M,2018-01,S,Privada Parroquial,128.0,0,AREQUIPA,AREQUIPA,AREQUIPA,AREQUIPA,AREQUIPA,SOCABAYA,DPD_36449
37950,Fernando,Silva,Computer Science,M,2019-01,S,Privada Particular,328.0,0,CUSCO,LA CONVENCION,SANTA ANA,AREQUIPA,AREQUIPA,AREQUIPA,DPD_37950
32860,Carolina,Fuentes,Computer Science,F,2017-01,S,Privada Particular,150.0,0,AREQUIPA,AREQUIPA,PAUCARPATA,AREQUIPA,AREQUIPA,MARIANO MELGAR,DPD_32860
37054,Fabián,Olivares,Computer Science,M,2019-01,S,Privada Particular,195.0,0,AREQUIPA,AREQUIPA,AREQUIPA,AREQUIPA,AREQUIPA,YANAHUARA,DPD_37054
29442,Esteban,Navarro,Computer Science,M,2016-01,S,Privada Particular,135.0,0,AREQUIPA,AREQUIPA,AREQUIPA,AREQUIPA,CASTILLA,APLAO,DPD_29442
20113,Hugo,González,Computer Science,M,2017-01,S,Privada Parroquial,360.0,0,MOQUEGUA,MARISCAL NIETO,MOQUEGUA,AREQUIPA,AREQUIPA,SOCABAYA,DPD_20113
35360,Mario,Muñoz,Computer Science,M,2018-01,S,Pública Sector Educación,150.0,0,AREQUIPA,AREQUIPA,JACOBO HUNTER,AREQUIPA,AREQUIPA,SANTA RITA DE SIGUAS,DPD_35360
35132,Bruno,Molina,Computer Science,M,2018-01,S,Privada Particular,120.0,0,AREQUIPA,AREQUIPA,AREQUIPA,AREQUIPA,AREQUIPA,JOSE LUIS BUSTAMANTE Y RIVERO,DPD_35132
37900,Bruno,Campos,Computer Science,M,2019-01,S,Privada Particular,282.0,0,AREQUIPA,AREQUIPA,PAUCARPATA,AREQUIPA,AREQUIPA,PAUCARPATA,DPD_37900
36486,Mario,Duarte,Computer Science,M,2018-01,S,Privada Parroquial,236.0,0,AREQUIPA,AREQUIPA,AREQUIPA,AREQUIPA,AREQUIPA,SOCABAYA,DPD_36486
38903,Rafael,Vargas,Computer Science,M,2019-01,S,Privada Particular,188.0,0,AREQUIPA,AREQUIPA,AREQUIPA,AREQUIPA,AREQUIPA,ALTO SELVA ALEGRE,DPD_38903
32812,Roberto,Rojas,Computer Science,M,2017-01,S,Pública en Convenio,150.0,0,AREQUIPA,AREQUIPA,JACOBO HUNTER,AREQUIPA,AREQUIPA,SACHACA,DPD_32812
29694,Agustín,Flores,Computer Science,M,2016-01,S,Privada Particular,128.0,0,LIMA,LIMA,MIRAFLORES,AREQUIPA,AREQUIPA,AREQUIPA,DPD_29694
36513,Javier,Ortiz,Computer Science,M,2018-01,S,Privada Particular,135.0,0,AREQUIPA,AREQUIPA,AREQUIPA,AREQUIPA,AREQUIPA,JOSE LUIS BUSTAMANTE Y RIVERO,DPD_36513
32899,Enrique,Soto,Computer Science,M,2017-01,S,Privada Particular,128.0,1,AREQUIPA,AREQUIPA,AREQUIPA,MADRE DE DIOS,TAMBOPATA,TAMBOPATA,DPD_32899
37534,Roberto,Figueroa,Computer Science,M,2019-01,S,Privada Particular,223.0,0,AREQUIPA,AREQUIPA,PAUCARPATA,AREQUIPA,AREQUIPA,AREQUIPA,DPD_37534
17455,Sergio,Sánchez,Computer Science,M,2016-01,S,Privada Particular,135.0,0,AREQUIPA,AREQUIPA,SACHACA,AREQUIPA,AREQUIPA,AREQUIPA,DPD_17455
28129,Mario,León,Computer Science,M,2017-02,S,Privada Particular,128.0,0,AREQUIPA,AREQUIPA,PAUCARPATA,AREQUIPA,AREQUIPA,AREQUIPA,DPD_28129
36953,Bruno,Herrera,Computer Science,M,2018-02,S,Privada Particular,128.0,0,AREQUIPA,AREQUIPA,AREQUIPA,AREQUIPA,AREQUIPA,AREQUIPA,DPD_36953
28704,Agustín,Márquez,Computer Science,M,2016-01,S,Pública en Convenio,135.0,1,AREQUIPA,AREQUIPA,AREQUIPA,AREQUIPA,AREQUIPA,JOSE LUIS BUSTAMANTE Y RIVERO,DPD_28704
32807,Enrique,Gutiérrez,Computer Science,M,2017-01,S,Pública en Convenio,150.0,1,AREQUIPA,AREQUIPA,AREQUIPA,AREQUIPA,AREQUIPA,CERRO COLORADO,DPD_32807
28784,Enrique,Cabrera,Computer Science,M,2016-01,S,Privada Particular,150.0,0,AREQUIPA,AREQUIPA,AREQUIPA,AREQUIPA,AREQUIPA,CAYMA,DPD_28784
32541,Manuela,Sáenz,Computer Science,F,2017-01,S,Pública en Convenio,150.0,0,AREQUIPA,AREQUIPA,AREQUIPA,AREQUIPA,AREQUIPA,MIRAFLORES,DPD_32541
37797,Rodrigo,Bustamante,Computer Science,M,2019-01,S,Privada Particular,180.0,0,CAJAMARCA,CAJAMARCA,CAJAMARCA,AREQUIPA,AREQUIPA,CERRO COLORADO,DPD_37797
28324,Hugo,Pizarro,Computer Science,M,2017-02,S,Privada Particular,120.0,0,TACNA,TACNA,TACNA,AREQUIPA,AREQUIPA,CERRO COLORADO,DPD_28324
36678,Alejandro,Ayala,Computer Science,M,2019-01,S,Privada Particular,153.0,0,PUNO,PUNO,PUNO,AREQUIPA,AREQUIPA,MIRAFLORES,DPD_36678
33099,César,Olivares,Computer Science,M,2017-01,S,Privada Particular,150.0,0,AREQUIPA,AREQUIPA,CERRO COLORADO,AREQUIPA,AREQUIPA,CERRO COLORADO,DPD_33099
29912,Mario,Campos,Computer Science,M,2016-01,S,Privada Parroquial,135.0,0,AREQUIPA,ISLAY,MOLLENDO,AREQUIPA,AREQUIPA,ALTO SELVA ALEGRE,DPD_29912
32393,Manuela,Cortés,Computer Science,F,2017-01,S,Privada Particular,150.0,0,AREQUIPA,AREQUIPA,AREQUIPA,AREQUIPA,AREQUIPA,CERRO COLORADO,DPD_32393
12154,Andrés,Pizarro,Computer Science,M,2018-01,S,Privada Particular,120.0,0,LIMA,LIMA,JESUS MARIA,AREQUIPA,AREQUIPA,YANAHUARA,DPD_12154
35713,Alejandra,Benítez,Computer Science,F,2018-01,S,Privada Particular,135.0,0,AREQUIPA,AREQUIPA,PAUCARPATA,AREQUIPA,AREQUIPA,PAUCARPATA,DPD_35713
31954,Mateo,Herrera,Computer Science,M,2017-01,S,Privada Particular,338.0,0,AREQUIPA,AREQUIPA,AREQUIPA,AREQUIPA,AREQUIPA,YANAHUARA,DPD_31954
29904,Iván,Cortés,Computer Science,M,2016-01,S,Privada Parroquial,113.0,0,AREQUIPA,AREQUIPA,AREQUIPA,AREQUIPA,AREQUIPA,ALTO SELVA ALEGRE,DPD_29904
29084,Fernando,Bravo,Computer Science,M,2016-01,S,Privada Parroquial,113.0,0,AREQUIPA,AREQUIPA,CAYMA,AREQUIPA,AREQUIPA,SOCABAYA,DPD_29084
29454,Javier,Contreras,Computer Science,M,2016-01,S,Privada Particular,120.0,0,PUNO,PUNO,PUNO,AREQUIPA,AREQUIPA,AREQUIPA,DPD_29454
33000,Rodrigo,Herrera,Computer Science,M,2017-01,S,Pública Sector Educación,128.0,0,MOQUEGUA,ILO,ILO,AREQUIPA,AREQUIPA,CERRO COLORADO,DPD_33000
32499,Rodrigo,Rojas,Computer Science,M,2017-01,S,Privada Particular,143.0,0,PUNO,PUNO,PUNO,AREQUIPA,AREQUIPA,CERRO COLORADO,DPD_32499
25485,Miguel,Molina,Computer Science,M,2016-02,S,Privada Particular,120.0,0,AREQUIPA,AREQUIPA,AREQUIPA,AREQUIPA,AREQUIPA,JOSE LUIS BUSTAMANTE Y RIVERO,DPD_25485
29326,Alejandro,Benítez,Computer Science,M,2016-01,S,Privada Particular,135.0,0,AREQUIPA,AREQUIPA,AREQUIPA,AREQUIPA,AREQUIPA,JOSE LUIS BUSTAMANTE Y RIVERO,DPD_29326
31519,Samuel,Gutiérrez,Computer Science,M,2016-01,S,Privada Particular,120.0,0,AREQUIPA,AREQUIPA,PAUCARPATA,AREQUIPA,AREQUIPA,PAUCARPATA,DPD_31519
34813,María,Delgado,Computer Science,F,2017-02,S,Pública en Convenio,128.0,0,AREQUIPA,AREQUIPA,AREQUIPA,AREQUIPA,AREQUIPA,CERRO COLORADO,DPD_34813
32922,Julia,Acosta,Computer Science,F,2017-01,S,Privada Particular,143.0,0,AREQUIPA,AREQUIPA,AREQUIPA,AREQUIPA,AREQUIPA,SOCABAYA,DPD_32922
35449,Fabián,Aguilar,Computer Science,M,2018-01,S,Privada Particular,150.0,0,AREQUIPA,AREQUIPA,CAYMA,AREQUIPA,AREQUIPA,MARIANO MELGAR,DPD_35449
28823,Diego,Gutiérrez,Computer Science,M,2016-01,S,Privada Particular,135.0,0,AREQUIPA,AREQUIPA,AREQUIPA,AREQUIPA,AREQUIPA,SACHACA,DPD_28823
28151,Sofía,Silva,Computer Science,F,2016-01,S,Pública Sector Educación,158.0,0,ICA,NASCA,NASCA,AREQUIPA,AREQUIPA,JOSE LUIS BUSTAMANTE Y RIVERO,DPD_28151
28932,Antonio,León,Computer Science,M,2016-01,S,Pública en Convenio,128.0,0,AREQUIPA,AREQUIPA,AREQUIPA,AREQUIPA,AREQUIPA,PAUCARPATA,DPD_28932
32815,Iván,Benítez,Computer Science,M,2017-01,S,Privada Particular,143.0,0,AREQUIPA,AREQUIPA,PAUCARPATA,AREQUIPA,AREQUIPA,PAUCARPATA,DPD_32815
35484,Bruno,Martínez,Computer Science,M,2018-01,S,Pública Sector Educación,143.0,0,MOQUEGUA,MARISCAL NIETO,MOQUEGUA,MOQUEGUA,MARISCAL NIETO,MOQUEGUA,DPD_35484
29289,Rodrigo,Navarro,Computer Science,M,2016-01,S,Privada Particular,120.0,0,LIMA,LIMA,MIRAFLORES,AREQUIPA,AREQUIPA,ALTO SELVA ALEGRE,DPD_29289
29655,Alejandra,Olivares,Computer Science,F,2016-01,S,Privada Particular,338.0,0,AREQUIPA,AREQUIPA,AREQUIPA,AREQUIPA,AREQUIPA,AREQUIPA,DPD_29655
33410,Agustín,Márquez,Computer Science,M,2017-01,S,Privada Particular,75.0,0,AREQUIPA,CASTILLA,ORCOPAMPA,AREQUIPA,AREQUIPA,PAUCARPATA,DPD_33410
35389,Fernando,Duarte,Computer Science,M,2018-01,S,Privada Particular,169.0,0,AREQUIPA,AREQUIPA,AREQUIPA,AREQUIPA,AREQUIPA,CERRO COLORADO,DPD_35389
31912,Manuela,Paredes,Computer Science,F,2016-02,S,Privada Particular,143.0,0,AREQUIPA,AREQUIPA,JOSE LUIS BUSTAMANTE Y RIVERO,AREQUIPA,AREQUIPA,MARIANO MELGAR,DPD_31912
29547,Fernando,López,Computer Science,M,2016-02,S,Privada Particular,135.0,0,AREQUIPA,AREQUIPA,PAUCARPATA,AREQUIPA,AREQUIPA,PAUCARPATA,DPD_29547
35849,Marcos,Vargas,Computer Science,M,2018-01,S,Pública Sector Educación,120.0,0,AREQUIPA,AREQUIPA,JOSE LUIS BUSTAMANTE Y RIVERO,AREQUIPA,AREQUIPA,MARIANO MELGAR,DPD_35849
38145,Sergio,Jiménez,Computer Science,M,2019-01,S,Privada Particular,180.0,1,AREQUIPA,AREQUIPA,AREQUIPA,LIMA,LIMA,SAN BORJA,DPD_38145
634,Luis,Gutiérrez,Computer Science,M,2018-01,S,Privada Particular,315.0,0,AREQUIPA,AREQUIPA,MIRAFLORES,AREQUIPA,AREQUIPA,MIRAFLORES,DPD_634
37277,Hugo,Molina,Computer Science,M,2019-01,S,Privada Particular,220.0,0,AREQUIPA,AREQUIPA,AREQUIPA,AREQUIPA,AREQUIPA,AREQUIPA,DPD_37277
35275,Fabián,Contreras,Computer Science,M,2018-01,S,Privada Particular,128.0,0,AREQUIPA,AREQUIPA,AREQUIPA,AREQUIPA,AREQUIPA,CAYMA,DPD_35275
28846,Ricardo,Herrera,Computer Science,M,2016-01,S,Privada Particular,120.0,0,AREQUIPA,AREQUIPA,AREQUIPA,AREQUIPA,AREQUIPA,SACHACA,DPD_28846
39242,Julia,Vega,Computer Science,F,2019-01,S,Privada Particular,211.0,1,AREQUIPA,AREQUIPA,AREQUIPA,AREQUIPA,AREQUIPA,JOSE LUIS BUSTAMANTE Y RIVERO,DPD_39242
29000,Alejandro,Molina,Computer Science,M,2016-01,S,Privada Particular,120.0,0,AREQUIPA,AREQUIPA,AREQUIPA,AREQUIPA,AREQUIPA,CERRO COLORADO,DPD_29000
35629,Carlos,Fuentes,Computer Science,M,2018-01,S,Pública Sector Educación,135.0,0,AREQUIPA,AREQUIPA,AREQUIPA,AREQUIPA,AREQUIPA,JOSE LUIS BUSTAMANTE Y RIVERO,DPD_35629
29259,Ricardo,Flores,Computer Science,M,2016-01,S,Privada Particular,135.0,0,AREQUIPA,AREQUIPA,AREQUIPA,AREQUIPA,AREQUIPA,MIRAFLORES,DPD_29259
31681,Diego,Ortiz,Computer Science,M,2016-01,S,Privada Particular,250.0,0,AREQUIPA,AREQUIPA,AREQUIPA,AREQUIPA,AREQUIPA,PAUCARPATA,DPD_31681
29952,Lucía,Vega,Computer Science,F,2016-01,S,Privada Particular,293.0,0,MOQUEGUA,MARISCAL NIETO,TORATA,MOQUEGUA,MARISCAL NIETO,SAMEGUA,DPD_29952
37095,Sofía,Aguilar,Computer Science,F,2019-01,S,Privada Particular,204.0,0,AREQUIPA,AREQUIPA,MARIANO MELGAR,AREQUIPA,AREQUIPA,ALTO SELVA ALEGRE,DPD_37095
37305,Miguel,Hernández,Computer Science,M,2019-01,S,Privada Particular,192.0,0,AREQUIPA,AREQUIPA,AREQUIPA,AREQUIPA,AREQUIPA,YANAHUARA,DPD_37305
29097,Mario,Ayala,Computer Science,M,2016-01,S,Privada Particular,68.0,0,PUNO,SAN ROMAN,JULIACA,AREQUIPA,AREQUIPA,ALTO SELVA ALEGRE,DPD_29097
36307,Catalina,Sánchez,Computer Science,F,2018-01,S,Privada Particular,128.0,0,AREQUIPA,AREQUIPA,AREQUIPA,AREQUIPA,AREQUIPA,AREQUIPA,DPD_36307
29475,Javier,Bravo,Computer Science,M,2016-01,S,Privada Particular,135.0,0,AREQUIPA,AREQUIPA,AREQUIPA,AREQUIPA,AREQUIPA,ALTO SELVA ALEGRE,DPD_29475
38250,Tomás,Fuentes,Computer Science,M,2019-01,S,Privada Particular,173.0,0,AREQUIPA,AREQUIPA,AREQUIPA,AREQUIPA,AREQUIPA,JOSE LUIS BUSTAMANTE Y RIVERO,DPD_38250
31881,Roberto,Ayala,Computer Science,M,2017-01,S,Privada Particular,293.0,0,AREQUIPA,AREQUIPA,PAUCARPATA,AREQUIPA,AREQUIPA,SACHACA,DPD_31881
31388,Fernando,Domínguez,Computer Science,M,2016-01,S,Privada Particular,113.0,0,AREQUIPA,AREQUIPA,AREQUIPA,AREQUIPA,AREQUIPA,PAUCARPATA,DPD_31388
33397,Roberto,Vega,Computer Science,M,2017-01,S,Privada Particular,120.0,0,AREQUIPA,AREQUIPA,MARIANO MELGAR,AREQUIPA,AREQUIPA,CAYMA,DPD_33397
38278,Luis,Torres,Computer Science,M,2019-01,S,Privada Particular,215.0,0,AREQUIPA,AREQUIPA,AREQUIPA,AREQUIPA,AREQUIPA,AREQUIPA,DPD_38278
36681,Nicolás,Acosta,Computer Science,M,2018-02,S,Pública Sector Educación,105.0,0,AREQUIPA,AREQUIPA,AREQUIPA,AREQUIPA,AREQUIPA,CERRO COLORADO,DPD_36681
35342,Agustín,Morales,Computer Science,M,2018-01,S,Privada Particular,120.0,0,AREQUIPA,AREQUIPA,AREQUIPA,AREQUIPA,AREQUIPA,CERRO COLORADO,DPD_35342
33197,Fernando,Herrera,Computer Science,M,2017-01,S,Pública Sector Educación,128.0,0,AREQUIPA,AREQUIPA,AREQUIPA,AREQUIPA,AREQUIPA,JACOBO HUNTER,DPD_33197
34844,Fernando,Benítez,Computer Science,M,2017-02,S,Privada Particular,128.0,0,MOQUEGUA,MARISCAL NIETO,MOQUEGUA,AREQUIPA,AREQUIPA,JOSE LUIS BUSTAMANTE Y RIVERO,DPD_34844
29151,Bruno,García,Computer Science,M,2016-01,S,Pública Sector Educación,120.0,0,AREQUIPA,AREQUIPA,CAYMA,AREQUIPA,AREQUIPA,CAYMA,DPD_29151
29849,Diego,Olivares,Computer Science,M,2017-01,S,Pública Sector Educación,120.0,0,AREQUIPA,ISLAY,MOLLENDO,AREQUIPA,AREQUIPA,ALTO SELVA ALEGRE,DPD_29849
32003,Hugo,Torres,Computer Science,M,2016-02,S,Privada Parroquial,135.0,0,PUNO,PUNO,PUNO,PUNO,PUNO,PUNO,DPD_32003
33607,Tomás,Contreras,Computer Science,M,2017-01,S,Privada Particular,150.0,0,AREQUIPA,AREQUIPA,AREQUIPA,AREQUIPA,AREQUIPA,CERRO COLORADO,DPD_33607
35173,Mateo,Morales,Computer Science,M,2018-01,S,Privada Particular,128.0,0,AREQUIPA,AREQUIPA,JACOBO HUNTER,AREQUIPA,AREQUIPA,JACOBO HUNTER,DPD_35173
25012,Bruno,Paredes,Computer Science,M,2018-01,S,Privada Particular,128.0,0,AREQUIPA,AREQUIPA,AREQUIPA,AREQUIPA,AREQUIPA,CERRO COLORADO,DPD_25012
33398,Alejandro,Navarro,Computer Science,M,2017-01,S,Privada Particular,242.0,0,AREQUIPA,AREQUIPA,AREQUIPA,AREQUIPA,AREQUIPA,PAUCARPATA,DPD_33398
36047,Rodrigo,Olivares,Computer Science,M,2018-01,S,Privada Particular,113.0,0,AREQUIPA,AREQUIPA,AREQUIPA,AREQUIPA,AREQUIPA,MARIANO MELGAR,DPD_36047
36106,Andrés,Castillo,Computer Science,M,2018-01,S,Privada Particular,105.0,0,AREQUIPA,AREQUIPA,AREQUIPA,AREQUIPA,AREQUIPA,JOSE LUIS BUSTAMANTE Y RIVERO,DPD_36106
35363,Roberto,Soto,Computer Science,M,2018-01,S,Privada Particular,128.0,0,AREQUIPA,AREQUIPA,AREQUIPA,AREQUIPA,AREQUIPA,YANAHUARA,DPD_35363
32920,Agustín,Valenzuela,Computer Science,M,2017-01,S,Privada Particular,143.0,0,AREQUIPA,AREQUIPA,PAUCARPATA,AREQUIPA,AREQUIPA,PAUCARPATA,DPD_32920
28587,Carlos,Cruz,Computer Science,M,2016-01,S,Privada Particular,128.0,0,AREQUIPA,AREQUIPA,AREQUIPA,CAJAMARCA,CAJAMARCA,CAJAMARCA,DPD_28587
35139,Daniela,Domínguez,Computer Science,F,2018-01,S,Privada Particular,128.0,0,MOQUEGUA,ILO,ILO,AREQUIPA,AREQUIPA,YANAHUARA,DPD_35139
31862,Mario,Cárdenas,Computer Science,M,2016-02,S,Privada Instituciones Benéficas,128.0,0,CUSCO,CUSCO,SANTIAGO,CUSCO,CUSCO,SANTIAGO,DPD_31862
29355,Tomás,Peña,Computer Science,M,2016-02,S,Privada Particular,180.0,0,AREQUIPA,AREQUIPA,PAUCARPATA,AREQUIPA,AREQUIPA,CERRO COLORADO,DPD_29355
28868,Marcos,Bravo,Computer Science,M,2016-01,S,Privada Particular,128.0,0,AREQUIPA,AREQUIPA,AREQUIPA,AREQUIPA,AREQUIPA,PAUCARPATA,DPD_28868
37752,Tomás,Gutiérrez,Computer Science,M,2019-01,S,Pública en Convenio,236.0,0,AREQUIPA,AREQUIPA,PAUCARPATA,AREQUIPA,AREQUIPA,PAUCARPATA,DPD_37752
35049,Marcos,Márquez,Computer Science,M,2018-01,S,Privada Particular,135.0,0,AREQUIPA,AREQUIPA,AREQUIPA,AREQUIPA,AREQUIPA,JOSE LUIS BUSTAMANTE Y RIVERO,DPD_35049
32949,Fernando,Olivares,Computer Science,M,2017-01,S,Privada Particular,233.0,0,MOQUEGUA,ILO,PACOCHA,AREQUIPA,AREQUIPA,AREQUIPA,DPD_32949
37902,Fernando,Olivares,Computer Science,M,2019-01,S,Privada Particular,174.0,0,AREQUIPA,AREQUIPA,AREQUIPA,AREQUIPA,AREQUIPA,CERRO COLORADO,DPD_37902
29413,Lucía,Acosta,Computer Science,F,2016-01,S,Privada Particular,135.0,0,AREQUIPA,AREQUIPA,AREQUIPA,AREQUIPA,AREQUIPA,JOSE LUIS BUSTAMANTE Y RIVERO,DPD_29413
37859,Nicolás,García,Computer Science,M,2019-01,S,Privada Particular,161.0,0,MOQUEGUA,ILO,ILO,AREQUIPA,AREQUIPA,CAYMA,DPD_37859
32147,Rafael,Aguilar,Computer Science,M,2016-02,S,Privada Particular,128.0,0,AREQUIPA,AREQUIPA,YANAHUARA,AREQUIPA,AREQUIPA,YANAHUARA,DPD_32147
36214,Miguel,Bravo,Computer Science,M,2018-01,S,Privada Particular,135.0,0,AREQUIPA,AREQUIPA,AREQUIPA,AREQUIPA,AREQUIPA,CAYMA,DPD_36214
32648,Lucía,Coronado,Computer Science,F,2017-01,S,Pública en Convenio,150.0,0,AREQUIPA,AREQUIPA,AREQUIPA,AREQUIPA,AREQUIPA,CERRO COLORADO,DPD_32648
32552,Diego,Morales,Computer Science,M,2017-01,S,Privada Particular,240.0,0,LIMA,LIMA,LIMA,AREQUIPA,AREQUIPA,MARIANO MELGAR,DPD_32552
30010,Renata,Bravo,Computer Science,F,2016-01,S,Pública en Convenio,143.0,1,PUNO,MELGAR,AYAVIRI,PUNO,MELGAR,AYAVIRI,DPD_30010
32332,Diego,Hernández,Computer Science,M,2017-01,S,Privada Particular,128.0,0,AREQUIPA,AREQUIPA,AREQUIPA,AREQUIPA,AREQUIPA,SACHACA,DPD_32332
29217,Enrique,Acosta,Computer Science,M,2016-01,S,Privada Particular,120.0,0,AREQUIPA,AREQUIPA,AREQUIPA,AREQUIPA,AREQUIPA,ALTO SELVA ALEGRE,DPD_29217
37205,Ricardo,Acosta,Computer Science,M,2019-01,S,Privada Particular,196.0,0,AREQUIPA,CAMANA,CAMANA,AREQUIPA,AREQUIPA,CERRO COLORADO,DPD_37205
38291,Samuel,Fuentes,Computer Science,M,2019-01,S,Privada Particular,218.0,0,AREQUIPA,AREQUIPA,AREQUIPA,AREQUIPA,AREQUIPA,AREQUIPA,DPD_38291
36719,Enrique,Paredes,Computer Science,M,2018-02,S,Privada Particular,113.0,0,AREQUIPA,LA UNION,COTAHUASI,AREQUIPA,AREQUIPA,SACHACA,DPD_36719
28881,Mario,Molina,Computer Science,M,2016-01,S,Privada Particular,143.0,0,AREQUIPA,AREQUIPA,AREQUIPA,AREQUIPA,AREQUIPA,YANAHUARA,DPD_28881
32540,Enrique,Figueroa,Computer Science,M,2017-01,S,Privada Particular,120.0,0,AREQUIPA,AREQUIPA,PAUCARPATA,AREQUIPA,AREQUIPA,PAUCARPATA,DPD_32540
36172,Esteban,Molina,Computer Science,M,2018-01,S,Pública Sector Educación,128.0,0,AREQUIPA,AREQUIPA,AREQUIPA,AREQUIPA,AREQUIPA,CAYMA,DPD_36172
28904,Nicolás,Pérez,Computer Science,M,2016-01,S,Privada Parroquial,90.0,0,AREQUIPA,ISLAY,MOLLENDO,AREQUIPA,AREQUIPA,JOSE LUIS BUSTAMANTE Y RIVERO,DPD_28904
37115,Alejandro,Villalobos,Computer Science,M,2019-01,S,Pública en Convenio,245.0,0,AREQUIPA,AREQUIPA,AREQUIPA,AREQUIPA,AREQUIPA,CAYMA,DPD_37115
37521,Mía,Rodríguez,Computer Science,F,2019-01,S,Privada Particular,169.0,0,AREQUIPA,AREQUIPA,PAUCARPATA,AREQUIPA,AREQUIPA,JOSE LUIS BUSTAMANTE Y RIVERO,DPD_37521
36434,Mateo,Martínez,Computer Science,M,2018-01,S,Pública en Convenio,120.0,0,AREQUIPA,AREQUIPA,CAYMA,AREQUIPA,AREQUIPA,PAUCARPATA,DPD_36434
28962,Diego,Cruz,Computer Science,M,2017-01,S,Privada Particular,105.0,0,AREQUIPA,AREQUIPA,AREQUIPA,AREQUIPA,AREQUIPA,TIABAYA,DPD_28962
23905,Fernando,López,Computer Science,M,2018-01,S,Privada Particular,150.0,0,AREQUIPA,AREQUIPA,CAYMA,AREQUIPA,AREQUIPA,CAYMA,DPD_23905
33223,Javier,Jiménez,Computer Science,M,2017-01,S,Privada Particular,113.0,0,AREQUIPA,AREQUIPA,AREQUIPA,AREQUIPA,AREQUIPA,YANAHUARA,DPD_33223
32091,Luis,Rojas,Computer Science,M,2016-02,S,Privada Parroquial,120.0,0,AREQUIPA,AREQUIPA,AREQUIPA,AREQUIPA,AREQUIPA,JOSE LUIS BUSTAMANTE Y RIVERO,DPD_32091
37312,Fabián,Torres,Computer Science,M,2018-02,S,Privada Particular,255.0,0,AREQUIPA,AREQUIPA,CERRO COLORADO,AREQUIPA,AREQUIPA,CERRO COLORADO,DPD_37312
37572,Natalia,Aguilar,Computer Science,F,2018-02,S,Privada Particular,240.0,0,MOQUEGUA,ILO,ILO,AREQUIPA,AREQUIPA,YANAHUARA,DPD_37572
33401,Andrés,Pizarro,Computer Science,M,2017-01,S,Privada Particular,135.0,0,AREQUIPA,AREQUIPA,AREQUIPA,AREQUIPA,AREQUIPA,MARIANO MELGAR,DPD_33401
38129,Pablo,Hernández,Computer Science,M,2019-01,S,Pública Sector Educación,187.0,0,AREQUIPA,AREQUIPA,MARIANO MELGAR,UCAYALI,CORONEL PORTILLO,MANANTAY,DPD_38129
32704,Samuel,Salazar,Computer Science,M,2017-01,S,Privada Particular,120.0,0,LIMA,LIMA,SANTIAGO DE SURCO,AREQUIPA,AREQUIPA,CAYMA,DPD_32704
35103,Bruno,Figueroa,Computer Science,M,2018-01,S,Privada Particular,143.0,0,AREQUIPA,AREQUIPA,AREQUIPA,AREQUIPA,AREQUIPA,AREQUIPA,DPD_35103
37605,Mario,Romero,Computer Science,M,2018-02,S,Privada Particular,259.0,0,LIMA,LIMA,SANTIAGO DE SURCO,AREQUIPA,AREQUIPA,ALTO SELVA ALEGRE,DPD_37605
26148,Pablo,Navarro,Computer Science,M,2016-02,S,Privada Particular,113.0,0,AREQUIPA,AREQUIPA,AREQUIPA,AREQUIPA,AREQUIPA,ALTO SELVA ALEGRE,DPD_26148
35131,Fernando,Silva,Computer Science,M,2018-01,S,Privada Particular,113.0,0,AREQUIPA,AREQUIPA,AREQUIPA,AREQUIPA,AREQUIPA,JOSE LUIS BUSTAMANTE Y RIVERO,DPD_35131
38683,Nicolás,Paredes,Computer Science,M,2019-01,S,Privada Particular,158.0,0,AREQUIPA,AREQUIPA,AREQUIPA,AREQUIPA,AREQUIPA,SOCABAYA,DPD_38683
32773,Agustín,Delgado,Computer Science,M,2018-01,S,Privada Particular,120.0,0,AREQUIPA,AREQUIPA,AREQUIPA,AREQUIPA,AREQUIPA,MARIANO MELGAR,DPD_32773
28676,Mario,Campos,Computer Science,M,2016-01,S,Privada Particular,98.0,0,AREQUIPA,AREQUIPA,AREQUIPA,AREQUIPA,AREQUIPA,YANAHUARA,DPD_28676
33832,Miguel,Ortiz,Computer Science,M,2017-01,S,Privada Particular,231.0,0,AREQUIPA,AREQUIPA,AREQUIPA,AREQUIPA,AREQUIPA,CAYMA,DPD_33832
32735,Mario,Rojas,Computer Science,M,2017-01,S,Privada Particular,120.0,0,AREQUIPA,AREQUIPA,AREQUIPA,AREQUIPA,AREQUIPA,PAUCARPATA,DPD_32735
37220,Agustín,Romero,Computer Science,M,2019-01,S,Pública en Convenio,207.0,0,AREQUIPA,AREQUIPA,MARIANO MELGAR,AREQUIPA,AREQUIPA,ALTO SELVA ALEGRE,DPD_37220
32065,Sofía,Acosta,Computer Science,F,2016-02,S,Pública Sector Educación,120.0,0,AREQUIPA,AREQUIPA,AREQUIPA,AREQUIPA,AREQUIPA,JOSE LUIS BUSTAMANTE Y RIVERO,DPD_32065
36068,Mario,Acosta,Computer Science,M,2018-01,S,Privada Particular,185.0,0,AREQUIPA,AREQUIPA,AREQUIPA,AREQUIPA,AREQUIPA,YANAHUARA,DPD_36068
37007,Javier,Soto,Computer Science,M,2019-01,S,Privada Particular,238.0,0,AREQUIPA,AREQUIPA,AREQUIPA,AREQUIPA,AREQUIPA,JOSE LUIS BUSTAMANTE Y RIVERO,DPD_37007
29440,Esteban,Delgado,Computer Science,M,2016-01,S,Privada Particular,98.0,0,CUSCO,ESPINAR,ESPINAR,AREQUIPA,AREQUIPA,SOCABAYA,DPD_29440
32215,Marcos,Ayala,Computer Science,M,2016-02,S,Pública Sector Educación,128.0,0,AREQUIPA,AREQUIPA,AREQUIPA,AREQUIPA,AREQUIPA,JOSE LUIS BUSTAMANTE Y RIVERO,DPD_32215
37292,Alejandro,Herrera,Computer Science,M,2018-02,S,Privada Particular,211.0,0,AREQUIPA,AREQUIPA,AREQUIPA,AREQUIPA,AREQUIPA,ALTO SELVA ALEGRE,DPD_37292
29032,Fabián,Olivares,Computer Science,M,2016-01,S,Pública Sector Educación,150.0,0,AREQUIPA,AREQUIPA,AREQUIPA,AREQUIPA,AREQUIPA,PAUCARPATA,DPD_29032
29967,Fabián,Valenzuela,Computer Science,M,2016-01,S,Privada Particular,210.0,0,LIMA,LIMA,LA VICTORIA,AREQUIPA,AREQUIPA,ALTO SELVA ALEGRE,DPD_29967
33810,Mía,Gutiérrez,Computer Science,F,2018-01,S,Pública Sector Educación,113.0,0,AREQUIPA,AREQUIPA,PAUCARPATA,AREQUIPA,AREQUIPA,PAUCARPATA,DPD_33810
32021,Bruno,Ayala,Computer Science,M,2016-02,S,Privada Particular,135.0,0,AREQUIPA,CAMANA,CAMANA,AREQUIPA,CAMANA,CAMANA,DPD_32021
29758,Javier,Silva,Computer Science,M,2017-01,S,Pública Sector Educación,128.0,0,AREQUIPA,CASTILLA,ORCOPAMPA,AREQUIPA,AREQUIPA,JACOBO HUNTER,DPD_29758
30080,Lucía,Valenzuela,Computer Science,F,2017-02,S,Privada Particular,143.0,0,LIMA,LIMA,LA VICTORIA,AREQUIPA,AREQUIPA,ALTO SELVA ALEGRE,DPD_30080
37716,Adriana,Cárdenas,Computer Science,F,2019-01,S,Pública Sector Educación,163.0,0,AREQUIPA,AREQUIPA,AREQUIPA,AREQUIPA,AREQUIPA,ALTO SELVA ALEGRE,DPD_37716
36528,Tomás,Cárdenas,Computer Science,M,2018-01,S,Privada Parroquial,281.0,0,AREQUIPA,AREQUIPA,AREQUIPA,AREQUIPA,AREQUIPA,ALTO SELVA ALEGRE,DPD_36528
36284,Carlos,Muñoz,Computer Science,M,2018-02,S,Privada Particular,196.0,0,AREQUIPA,AREQUIPA,AREQUIPA,AREQUIPA,AREQUIPA,CAYMA,DPD_36284
33229,Enrique,Pizarro,Computer Science,M,2017-01,S,Pública en Convenio,128.0,0,AREQUIPA,AREQUIPA,AREQUIPA,AREQUIPA,AREQUIPA,AREQUIPA,DPD_33229
28856,Mateo,Cortés,Computer Science,M,2016-01,S,Privada Particular,143.0,0,AREQUIPA,AREQUIPA,AREQUIPA,AREQUIPA,AREQUIPA,CERRO COLORADO,DPD_28856
35416,Rodrigo,Valenzuela,Computer Science,M,2018-01,S,Privada Particular,120.0,0,AREQUIPA,AREQUIPA,CAYMA,AREQUIPA,AREQUIPA,AREQUIPA,DPD_35416
33035,Roberto,Ayala,Computer Science,M,2017-01,S,Privada Particular,143.0,0,PUNO,SAN ROMAN,JULIACA,AREQUIPA,AREQUIPA,AREQUIPA,DPD_33035
33789,Ricardo,Roldán,Computer Science,M,2017-01,S,Pública Sector Educación,120.0,0,LA LIBERTAD,TRUJILLO,TRUJILLO,AREQUIPA,AREQUIPA,MARIANO MELGAR,DPD_33789
37157,Isabella,Bravo,Computer Science,F,2019-01,S,Privada Particular,185.0,0,AREQUIPA,AREQUIPA,AREQUIPA,AREQUIPA,AREQUIPA,JOSE LUIS BUSTAMANTE Y RIVERO,DPD_37157
35414,Tomás,Ortiz,Computer Science,M,2018-01,S,Privada Particular,150.0,0,PUNO,PUNO,PUNO,AREQUIPA,AREQUIPA,SOCABAYA,DPD_35414
32687,César,Espinoza,Computer Science,M,2017-01,S,Privada Particular,261.0,0,AREQUIPA,AREQUIPA,AREQUIPA,AREQUIPA,AREQUIPA,CERRO COLORADO,DPD_32687
26733,Nicolás,Ramírez,Computer Science,M,2017-02,S,Privada Particular,120.0,0,AREQUIPA,AREQUIPA,AREQUIPA,AREQUIPA,AREQUIPA,MIRAFLORES,DPD_26733
32417,Roberto,Figueroa,Computer Science,M,2017-01,S,Privada Particular,120.0,0,AREQUIPA,AREQUIPA,JACOBO HUNTER,AREQUIPA,AREQUIPA,JACOBO HUNTER,DPD_32417
32304,César,Aguilar,Computer Science,M,2017-01,S,Privada Particular,120.0,0,AREQUIPA,AREQUIPA,AREQUIPA,AREQUIPA,AREQUIPA,MIRAFLORES,DPD_32304
35343,Julia,Vargas,Computer Science,F,2018-01,S,Privada Parroquial,135.0,0,AREQUIPA,AREQUIPA,AREQUIPA,AREQUIPA,AREQUIPA,ALTO SELVA ALEGRE,DPD_35343
32629,Mario,Ramírez,Computer Science,M,2017-01,S,Privada Particular,360.0,0,CUSCO,CUSCO,WANCHAQ,AREQUIPA,AREQUIPA,CAYMA,DPD_32629
37870,Tomás,Paredes,Computer Science,M,2019-01,S,Privada Particular,167.0,0,AREQUIPA,AREQUIPA,AREQUIPA,PUNO,SAN ROMAN,JULIACA,DPD_37870
32655,Marcos,Sáenz,Computer Science,M,2019-01,S,Pública Sector Educación,156.0,0,CUSCO,ESPINAR,ESPINAR,AREQUIPA,AREQUIPA,JOSE LUIS BUSTAMANTE Y RIVERO,DPD_32655
12881,Mateo,Jiménez,Computer Science,M,2016-01,S,Privada Parroquial,143.0,0,AREQUIPA,AREQUIPA,AREQUIPA,AREQUIPA,AREQUIPA,MARIANO MELGAR,DPD_12881
29474,Inés,Márquez,Computer Science,F,2016-02,S,Privada Particular,98.0,0,AREQUIPA,AREQUIPA,AREQUIPA,AREQUIPA,AREQUIPA,AREQUIPA,DPD_29474
35399,Agustín,Herrera,Computer Science,M,2019-01,S,Privada Particular,211.0,0,CUSCO,CUSCO,CUSCO,AREQUIPA,AREQUIPA,AREQUIPA,DPD_35399
28715,Fernando,Romero,Computer Science,M,2016-01,S,Privada Particular,60.0,0,AREQUIPA,AREQUIPA,AREQUIPA,AREQUIPA,AREQUIPA,CERRO COLORADO,DPD_28715
31518,Hugo,Benítez,Computer Science,M,2016-01,S,Pública Sector Educación,135.0,0,AREQUIPA,AREQUIPA,YANAHUARA,AREQUIPA,AREQUIPA,CERRO COLORADO,DPD_31518
32854,Luis,Domínguez,Computer Science,M,2017-01,S,Privada Parroquial,113.0,0,AREQUIPA,AREQUIPA,AREQUIPA,AREQUIPA,AREQUIPA,MIRAFLORES,DPD_32854
32698,Tomás,Bustamante,Computer Science,M,2017-01,S,Privada Particular,143.0,0,AREQUIPA,AREQUIPA,AREQUIPA,AREQUIPA,AREQUIPA,CERRO COLORADO,DPD_32698
13306,Agustín,Olivares,Computer Science,M,2018-02,S,Pública Sector Educación,186.0,0,AREQUIPA,AREQUIPA,AREQUIPA,AREQUIPA,AREQUIPA,PAUCARPATA,DPD_13306
35439,Mario,Muñoz,Computer Science,M,2018-01,S,Privada Particular,105.0,0,AREQUIPA,AREQUIPA,PAUCARPATA,AREQUIPA,AREQUIPA,MARIANO MELGAR,DPD_35439
33090,Luis,León,Computer Science,M,2017-01,S,Privada Particular,113.0,0,AREQUIPA,AREQUIPA,AREQUIPA,AREQUIPA,AREQUIPA,CAYMA,DPD_33090
33569,Esteban,Acosta,Computer Science,M,2017-01,S,Privada Particular,143.0,0,AREQUIPA,AREQUIPA,AREQUIPA,AREQUIPA,AREQUIPA,ALTO SELVA ALEGRE,DPD_33569
32255,Sergio,Vega,Computer Science,M,2016-02,S,Privada Particular,128.0,0,LIMA,LIMA,BRENA,LIMA,LIMA,SAN JUAN DE LURIGANCHO,DPD_32255
34966,Iván,Hernández,Computer Science,M,2018-02,S,Privada Particular,181.0,0,AREQUIPA,AREQUIPA,AREQUIPA,AREQUIPA,AREQUIPA,PAUCARPATA,DPD_34966
36154,Fabián,Paredes,Computer Science,M,2018-01,S,Pública Sector Educación,98.0,0,CUSCO,LA CONVENCION,SANTA ANA,AREQUIPA,AREQUIPA,JACOBO HUNTER,DPD_36154
29619,Andrés,Navarro,Computer Science,M,2016-01,S,Privada Particular,113.0,0,AREQUIPA,AREQUIPA,AREQUIPA,AREQUIPA,AREQUIPA,PAUCARPATA,DPD_29619
33803,Rafael,Jiménez,Computer Science,M,2017-02,S,Privada Particular,120.0,0,AREQUIPA,AREQUIPA,AREQUIPA,AREQUIPA,AREQUIPA,ALTO SELVA ALEGRE,DPD_33803
31697,Tomás,Molina,Computer Science,M,2016-01,S,Privada Particular,135.0,0,AREQUIPA,AREQUIPA,AREQUIPA,AREQUIPA,AREQUIPA,ALTO SELVA ALEGRE,DPD_31697
32555,Daniela,Rodríguez,Computer Science,F,2017-01,S,Privada Particular,120.0,0,AREQUIPA,AREQUIPA,AREQUIPA,AREQUIPA,AREQUIPA,JOSE LUIS BUSTAMANTE Y RIVERO,DPD_32555
37344,Lucía,Figueroa,Computer Science,F,2019-01,S,Privada Parroquial,205.0,0,AREQUIPA,AREQUIPA,AREQUIPA,AREQUIPA,AREQUIPA,MARIANO MELGAR,DPD_37344
28388,César,Ortiz,Computer Science,M,2017-01,S,Privada Particular,75.0,0,AREQUIPA,AREQUIPA,AREQUIPA,AREQUIPA,AREQUIPA,SACHACA,DPD_28388
37536,Luis,Sánchez,Computer Science,M,2018-02,S,Privada Particular,189.0,0,AREQUIPA,AREQUIPA,AREQUIPA,AREQUIPA,AREQUIPA,AREQUIPA,DPD_37536
35991,Diego,Martínez,Computer Science,M,2018-01,S,Privada Fiscalizada,120.0,0,AREQUIPA,AREQUIPA,AREQUIPA,AREQUIPA,AREQUIPA,MARIANO MELGAR,DPD_35991
37199,Samuel,Gutiérrez,Computer Science,M,2019-01,S,Pública en Convenio,164.0,0,AREQUIPA,AREQUIPA,AREQUIPA,AREQUIPA,CAMANA,SAMUEL PASTOR,DPD_37199
35051,Nicolás,Bustamante,Computer Science,M,2018-01,S,Privada Particular,113.0,0,AREQUIPA,AREQUIPA,AREQUIPA,AREQUIPA,AREQUIPA,SOCABAYA,DPD_35051
37386,Sergio,Villalobos,Computer Science,M,2019-01,S,Privada Particular,210.0,0,AREQUIPA,AREQUIPA,AREQUIPA,AREQUIPA,AREQUIPA,CAYMA,DPD_37386
38331,Fernando,Espinoza,Computer Science,M,2019-01,S,Privada Particular,164.0,0,AREQUIPA,AREQUIPA,PAUCARPATA,AREQUIPA,AREQUIPA,PAUCARPATA,DPD_38331
28978,Roberto,Torres,Computer Science,M,2016-01,S,Privada Particular,113.0,0,AREQUIPA,AREQUIPA,AREQUIPA,AREQUIPA,AREQUIPA,AREQUIPA,DPD_28978
37805,Iván,Jiménez,Computer Science,M,2019-01,S,Privada Parroquial,215.0,0,PUNO,SAN ROMAN,JULIACA,PUNO,SAN ROMAN,JULIACA,DPD_37805
28658,Pablo,Contreras,Computer Science,M,2016-01,S,Privada Parroquial,143.0,0,AREQUIPA,AREQUIPA,AREQUIPA,PUNO,PUNO,PUNO,DPD_28658
33795,Pablo,Contreras,Computer Science,M,2017-02,S,Privada Particular,214.0,0,AREQUIPA,AREQUIPA,MIRAFLORES,AREQUIPA,AREQUIPA,ALTO SELVA ALEGRE,DPD_33795
29199,Esteban,Jiménez,Computer Science,M,2016-01,S,Privada Particular,128.0,0,AREQUIPA,AREQUIPA,AREQUIPA,AREQUIPA,AREQUIPA,ALTO SELVA ALEGRE,DPD_29199
30364,Nicolás,Paredes,Computer Science,M,2017-01,S,Pública Sector Educación,135.0,0,LORETO,ALTO AMAZONAS,YURIMAGUAS,AREQUIPA,AREQUIPA,AREQUIPA,DPD_30364
32445,Hugo,Bravo,Computer Science,M,2017-01,S,Privada Particular,90.0,0,AREQUIPA,AREQUIPA,AREQUIPA,AREQUIPA,AREQUIPA,CAYMA,DPD_32445
36217,Enrique,López,Computer Science,M,2018-01,S,Privada Particular,175.0,0,AREQUIPA,AREQUIPA,JACOBO HUNTER,AREQUIPA,AREQUIPA,SOCABAYA,DPD_36217
33301,Paula,León,Computer Science,F,2017-01,S,Privada Parroquial,135.0,0,CUSCO,CUSCO,WANCHAQ,CUSCO,CUSCO,SAN JERONIMO,DPD_33301
32341,Miguel,Herrera,Computer Science,M,2017-01,S,Privada Particular,83.0,0,AREQUIPA,AREQUIPA,AREQUIPA,AREQUIPA,ISLAY,MOLLENDO,DPD_32341
32819,Fabián,Acosta,Computer Science,M,2017-01,S,Privada Particular,128.0,0,AREQUIPA,AREQUIPA,YANAHUARA,AREQUIPA,AREQUIPA,TIABAYA,DPD_32819
29227,César,Navarro,Computer Science,M,2016-01,S,Privada Particular,113.0,0,AREQUIPA,AREQUIPA,AREQUIPA,AREQUIPA,AREQUIPA,JOSE LUIS BUSTAMANTE Y RIVERO,DPD_29227
32778,Isabella,Hernández,Computer Science,F,2017-01,S,Privada Parroquial,128.0,0,AREQUIPA,ISLAY,MOLLENDO,AREQUIPA,ISLAY,MOLLENDO,DPD_32778
28792,Enrique,Duarte,Computer Science,M,2016-01,S,Privada Particular,128.0,0,AREQUIPA,AREQUIPA,AREQUIPA,AREQUIPA,AREQUIPA,CAYMA,DPD_28792
34925,Nicolás,Coronado,Computer Science,M,2018-02,S,Pública Sector Educación,160.0,0,AREQUIPA,AREQUIPA,AREQUIPA,AREQUIPA,AREQUIPA,YANAHUARA,DPD_34925
38553,Diego,Morales,Computer Science,M,2019-01,S,Privada Particular,263.0,0,AREQUIPA,AREQUIPA,AREQUIPA,AREQUIPA,AREQUIPA,MIRAFLORES,DPD_38553
31472,Rodrigo,Ramírez,Computer Science,M,2017-01,S,Pública Sector Educación,113.0,0,AREQUIPA,CARAVELI,CARAVELI,AREQUIPA,AREQUIPA,ALTO SELVA ALEGRE,DPD_31472
39133,Ricardo,Coronado,Computer Science,M,2019-01,S,Privada Particular,170.0,1,CUSCO,CHUMBIVILCAS,CAPACMARCA,AREQUIPA,AREQUIPA,MIRAFLORES,DPD_39133
29103,Pablo,Ramos,Computer Science,M,2016-01,S,Privada Particular,120.0,0,AREQUIPA,AREQUIPA,AREQUIPA,AREQUIPA,AREQUIPA,JACOBO HUNTER,DPD_29103
38078,Tomás,Ayala,Computer Science,M,2019-01,S,Privada Parroquial,215.0,0,PUNO,PUNO,PUNO,PUNO,PUNO,PUNO,DPD_38078
28257,Fernando,Cortés,Computer Science,M,2017-01,S,Privada Parroquial,148.0,0,AREQUIPA,AREQUIPA,CERRO COLORADO,AREQUIPA,AREQUIPA,MARIANO MELGAR,DPD_28257
29746,Lucía,Campos,Computer Science,F,2016-01,S,Privada Particular,128.0,0,AREQUIPA,AREQUIPA,AREQUIPA,AREQUIPA,AREQUIPA,YANAHUARA,DPD_29746
28626,Ricardo,Ramos,Computer Science,M,2016-01,S,Privada Particular,128.0,0,AREQUIPA,AREQUIPA,AREQUIPA,AREQUIPA,AREQUIPA,AREQUIPA,DPD_28626
29500,Antonio,Benítez,Computer Science,M,2016-01,S,Privada Particular,120.0,0,AREQUIPA,AREQUIPA,AREQUIPA,AREQUIPA,AREQUIPA,MIRAFLORES,DPD_29500
31756,Samuel,Olivares,Computer Science,M,2016-01,S,Pública Sector Educación,135.0,0,AREQUIPA,AREQUIPA,AREQUIPA,AREQUIPA,AREQUIPA,MARIANO MELGAR,DPD_31756
33956,Rodrigo,Morales,Computer Science,M,2017-01,S,Privada Parroquial,128.0,0,PUNO,PUNO,PUNO,PUNO,PUNO,PUNO,DPD_33956
28744,Roberto,Coronado,Computer Science,M,2016-01,S,Privada Particular,120.0,0,AREQUIPA,AREQUIPA,AREQUIPA,AREQUIPA,AREQUIPA,CERRO COLORADO,DPD_28744
38593,Esteban,Cabrera,Computer Science,M,2019-01,S,Privada Particular,152.0,0,AREQUIPA,AREQUIPA,AREQUIPA,AREQUIPA,AREQUIPA,SOCABAYA,DPD_38593
28034,Sergio,Romero,Computer Science,M,2016-02,S,Privada Particular,120.0,0,AREQUIPA,AREQUIPA,PAUCARPATA,AREQUIPA,AREQUIPA,SOCABAYA,DPD_28034
33039,Julia,Cárdenas,Computer Science,F,2017-01,S,Privada Particular,143.0,0,AREQUIPA,AREQUIPA,AREQUIPA,AREQUIPA,AREQUIPA,CAYMA,DPD_33039
31937,Alejandro,Olivares,Computer Science,M,2016-02,S,Privada Particular,105.0,0,AREQUIPA,AREQUIPA,AREQUIPA,AREQUIPA,AREQUIPA,SOCABAYA,DPD_31937
26229,Rodrigo,Delgado,Computer Science,M,2017-01,S,Privada Particular,128.0,0,AREQUIPA,AREQUIPA,SABANDIA,AREQUIPA,AREQUIPA,SABANDIA,DPD_26229
36218,Fabián,Coronado,Computer Science,M,2018-01,S,Privada Particular,143.0,0,AREQUIPA,AREQUIPA,JACOBO HUNTER,AREQUIPA,AREQUIPA,JACOBO HUNTER,DPD_36218
37850,Mateo,Coronado,Computer Science,M,2019-01,S,Privada Parroquial,222.0,0,AREQUIPA,AREQUIPA,AREQUIPA,AREQUIPA,AREQUIPA,ALTO SELVA ALEGRE,DPD_37850
35282,Ricardo,Cruz,Computer Science,M,2018-01,S,Privada Particular,128.0,0,AREQUIPA,AREQUIPA,AREQUIPA,AREQUIPA,AREQUIPA,YANAHUARA,DPD_35282
29858,Tomás,Rivera,Computer Science,M,2016-02,S,Privada Particular,120.0,0,AREQUIPA,AREQUIPA,PAUCARPATA,AREQUIPA,AREQUIPA,PAUCARPATA,DPD_29858
34832,Ricardo,Maldonado,Computer Science,M,2017-02,S,Pública Sector Educación,113.0,0,AREQUIPA,AREQUIPA,AREQUIPA,AREQUIPA,AREQUIPA,JOSE LUIS BUSTAMANTE Y RIVERO,DPD_34832
19026,Hugo,González,Computer Science,M,2019-01,S,Privada Particular,168.0,0,AREQUIPA,AREQUIPA,AREQUIPA,AREQUIPA,AREQUIPA,CAYMA,DPD_19026
31993,Javier,Domínguez,Computer Science,M,2016-02,S,Privada Particular,128.0,0,AREQUIPA,CAMANA,CAMANA,AREQUIPA,CAMANA,CAMANA,DPD_31993
29660,Samuel,Pérez,Computer Science,M,2019-01,S,Pública Sector Educación,198.0,0,AREQUIPA,AREQUIPA,AREQUIPA,AREQUIPA,AREQUIPA,MIRAFLORES,DPD_29660
31869,Rodrigo,Márquez,Computer Science,M,2016-02,S,Privada Particular,60.0,0,AREQUIPA,AREQUIPA,YANAHUARA,AREQUIPA,AREQUIPA,YANAHUARA,DPD_31869
32767,Fabián,Muñoz,Computer Science,M,2017-01,S,Privada Particular,120.0,0,AREQUIPA,AREQUIPA,CERRO COLORADO,AREQUIPA,AREQUIPA,CERRO COLORADO,DPD_32767
35946,Samuel,Martínez,Computer Science,M,2018-01,S,Privada Parroquial,143.0,0,AREQUIPA,AREQUIPA,AREQUIPA,AREQUIPA,AREQUIPA,ALTO SELVA ALEGRE,DPD_35946
32988,Iván,Espinoza,Computer Science,M,2017-01,S,Privada Particular,128.0,0,AREQUIPA,AREQUIPA,AREQUIPA,AREQUIPA,AREQUIPA,CERRO COLORADO,DPD_32988
31673,Roberto,Duarte,Computer Science,M,2016-01,S,Privada Particular,128.0,0,AREQUIPA,ISLAY,MOLLENDO,AREQUIPA,AREQUIPA,PAUCARPATA,DPD_31673
29016,Agustín,Domínguez,Computer Science,M,2016-01,S,Privada Particular,113.0,0,PUNO,PUNO,PUNO,PUNO,PUNO,PUNO,DPD_29016
35574,Antonio,Acosta,Computer Science,M,2018-01,S,Pública Sector Educación,143.0,0,PUNO,PUNO,PUNO,AREQUIPA,AREQUIPA,ALTO SELVA ALEGRE,DPD_35574
32837,Mario,Rojas,Computer Science,M,2017-01,S,Privada Particular,128.0,0,AREQUIPA,AREQUIPA,AREQUIPA,AREQUIPA,AREQUIPA,CAYMA,DPD_32837
35675,Esteban,Fuentes,Computer Science,M,2018-01,S,Privada Particular,105.0,0,AREQUIPA,AREQUIPA,AREQUIPA,AREQUIPA,AREQUIPA,ALTO SELVA ALEGRE,DPD_35675
33484,Rodrigo,Contreras,Computer Science,M,2017-01,S,Privada Particular,120.0,0,AREQUIPA,AREQUIPA,AREQUIPA,AREQUIPA,AREQUIPA,YANAHUARA,DPD_33484
35213,Marcos,Herrera,Computer Science,M,2018-01,S,Privada Particular,113.0,0,AREQUIPA,AREQUIPA,AREQUIPA,AREQUIPA,AREQUIPA,PAUCARPATA,DPD_35213
35386,Pablo,Salazar,Computer Science,M,2018-01,S,Privada Particular,128.0,0,AREQUIPA,AREQUIPA,PAUCARPATA,AREQUIPA,AREQUIPA,MIRAFLORES,DPD_35386
37186,Ángela,Cruz,Computer Science,F,2019-01,S,Privada Particular,217.0,0,AREQUIPA,AREQUIPA,AREQUIPA,AREQUIPA,AREQUIPA,MIRAFLORES,DPD_37186
34900,Javier,Maldonado,Computer Science,M,2017-02,S,Privada Particular,120.0,0,AREQUIPA,CAMANA,CAMANA,AREQUIPA,CAMANA,CAMANA,DPD_34900
39319,Diego,Coronado,Computer Science,M,2019-01,S,Privada Particular,230.0,0,AREQUIPA,AREQUIPA,AREQUIPA,AREQUIPA,AREQUIPA,CAYMA,DPD_39319
32975,Iván,Espinoza,Computer Science,M,2017-01,S,Privada Particular,90.0,0,LIMA,LIMA,BRENA,AREQUIPA,CAMANA,CAMANA,DPD_32975
37431,Marcos,Muñoz,Computer Science,M,2019-01,S,Privada Particular,169.0,0,AREQUIPA,AREQUIPA,AREQUIPA,AREQUIPA,AREQUIPA,JOSE LUIS BUSTAMANTE Y RIVERO,DPD_37431
25137,Agustín,Morales,Computer Science,M,2017-02,S,Pública Sector Educación,113.0,0,AREQUIPA,AREQUIPA,AREQUIPA,AREQUIPA,AREQUIPA,AREQUIPA,DPD_25137
29823,Fabián,Benítez,Computer Science,M,2017-01,S,Pública Sector Educación,128.0,0,AREQUIPA,AREQUIPA,AREQUIPA,AREQUIPA,AREQUIPA,CERRO COLORADO,DPD_29823
33205,Rodrigo,Cruz,Computer Science,M,2017-01,S,Privada Particular,135.0,0,LIMA,LIMA,MIRAFLORES,AREQUIPA,AREQUIPA,JOSE LUIS BUSTAMANTE Y RIVERO,DPD_33205
35107,Fabián,Jiménez,Computer Science,M,2018-01,S,Privada Particular,105.0,0,AREQUIPA,AREQUIPA,AREQUIPA,AREQUIPA,AREQUIPA,JOSE LUIS BUSTAMANTE Y RIVERO,DPD_35107
35281,César,González,Computer Science,M,2018-01,S,Privada Parroquial,120.0,0,AREQUIPA,ISLAY,DEAN VALDIVIA,AREQUIPA,AREQUIPA,JOSE LUIS BUSTAMANTE Y RIVERO,DPD_35281
28703,César,Hernández,Computer Science,M,2016-01,S,Privada Particular,128.0,0,AREQUIPA,AREQUIPA,AREQUIPA,AREQUIPA,AREQUIPA,CERRO COLORADO,DPD_28703
36498,Samuel,Hernández,Computer Science,M,2018-01,S,Privada Particular,128.0,0,AREQUIPA,AREQUIPA,AREQUIPA,AREQUIPA,AREQUIPA,SOCABAYA,DPD_36498
33595,Ricardo,Bustamante,Computer Science,M,2017-01,S,Privada Particular,120.0,0,ICA,NASCA,MARCONA,AREQUIPA,AREQUIPA,MIRAFLORES,DPD_33595
32114,Roberto,Jiménez,Computer Science,M,2016-02,S,Privada Particular,128.0,0,PUNO,EL COLLAO,SANTA ROSA,AREQUIPA,AREQUIPA,MIRAFLORES,DPD_32114
29520,Sergio,Vega,Computer Science,M,2016-01,S,Privada Particular,128.0,0,AREQUIPA,AREQUIPA,AREQUIPA,AREQUIPA,AREQUIPA,PAUCARPATA,DPD_29520
37062,Nicolás,López,Computer Science,M,2019-01,S,Privada Particular,260.0,0,TACNA,TACNA,CALANA,TACNA,TACNA,TACNA,DPD_37062
34848,Tomás,Vega,Computer Science,M,2017-02,S,Pública Sector Educación,135.0,0,AREQUIPA,AREQUIPA,AREQUIPA,AREQUIPA,AREQUIPA,ALTO SELVA ALEGRE,DPD_34848
35904,César,Duarte,Computer Science,M,2018-01,S,Privada Particular,181.0,0,AREQUIPA,AREQUIPA,CAYMA,AREQUIPA,AREQUIPA,CERRO COLORADO,DPD_35904
23808,Andrés,Sánchez,Computer Science,M,2017-02,S,Privada Particular,120.0,0,JUNIN,CONCEPCION,SAN JOSE DE QUERO,AREQUIPA,AREQUIPA,MARIANO MELGAR,DPD_23808
31575,Bruno,Cortés,Computer Science,M,2016-02,S,Pública en Convenio,135.0,0,AREQUIPA,CAMANA,CAMANA,AREQUIPA,AREQUIPA,MIRAFLORES,DPD_31575
35405,Rafael,Figueroa,Computer Science,M,2018-01,S,Privada Particular,120.0,0,AREQUIPA,AREQUIPA,AREQUIPA,AREQUIPA,AREQUIPA,YANAHUARA,DPD_35405
36815,Enrique,López,Computer Science,M,2018-02,S,Pública Sector Educación,90.0,0,AREQUIPA,AREQUIPA,PAUCARPATA,AREQUIPA,AREQUIPA,PAUCARPATA,DPD_36815
32852,Hugo,Márquez,Computer Science,M,2017-01,S,Privada Particular,128.0,0,AREQUIPA,AREQUIPA,AREQUIPA,AREQUIPA,AREQUIPA,CAYMA,DPD_32852
28686,Andrés,Ramos,Computer Science,M,2016-01,S,Pública Sector Educación,128.0,0,AREQUIPA,AREQUIPA,AREQUIPA,AREQUIPA,AREQUIPA,ALTO SELVA ALEGRE,DPD_28686
39091,Fernando,Acosta,Computer Science,M,2019-01,S,Pública en Convenio,161.0,0,AREQUIPA,AREQUIPA,AREQUIPA,AREQUIPA,AREQUIPA,CAYMA,DPD_39091
37458,Hugo,Pérez,Computer Science,M,2018-02,S,Privada Particular,151.0,0,AREQUIPA,AREQUIPA,AREQUIPA,AREQUIPA,AREQUIPA,MIRAFLORES,DPD_37458
32859,Nicolás,Acosta,Computer Science,M,2017-01,S,Privada Particular,128.0,0,AREQUIPA,AREQUIPA,AREQUIPA,AREQUIPA,AREQUIPA,CAYMA,DPD_32859
37973,Rodrigo,Vega,Computer Science,M,2019-01,S,Pública Sector Educación,185.0,0,TACNA,TACNA,TACNA,TACNA,TACNA,TACNA,DPD_37973
35317,Mario,Cortés,Computer Science,M,2018-01,S,Privada Particular,128.0,0,CUSCO,CUSCO,WANCHAQ,AREQUIPA,AREQUIPA,MIRAFLORES,DPD_35317
29921,Roberto,Muñoz,Computer Science,M,2016-02,S,Privada Parroquial,120.0,0,AREQUIPA,AREQUIPA,AREQUIPA,AREQUIPA,AREQUIPA,SOCABAYA,DPD_29921
37573,Iván,Rojas,Computer Science,M,2019-01,S,Privada Particular,178.0,0,PUNO,PUNO,PUNO,AREQUIPA,AREQUIPA,AREQUIPA,DPD_37573
36672,María,Valenzuela,Computer Science,F,2018-02,S,Privada Parroquial,135.0,0,AREQUIPA,AREQUIPA,AREQUIPA,AREQUIPA,AREQUIPA,CERRO COLORADO,DPD_36672
34830,Diego,Rodríguez,Computer Science,M,2017-02,S,Pública Sector Educación,128.0,0,CUSCO,CHUMBIVILCAS,SANTO TOMAS,AREQUIPA,AREQUIPA,MIRAFLORES,DPD_34830
35412,Carolina,Duarte,Computer Science,F,2018-01,S,Privada Particular,128.0,0,AREQUIPA,AREQUIPA,AREQUIPA,AREQUIPA,AREQUIPA,PAUCARPATA,DPD_35412
35409,Ricardo,Rodríguez,Computer Science,M,2018-01,S,Privada Particular,120.0,0,AREQUIPA,AREQUIPA,AREQUIPA,AREQUIPA,AREQUIPA,YANAHUARA,DPD_35409
32613,Fernando,Rivera,Computer Science,M,2017-01,S,Privada Particular,113.0,0,AREQUIPA,AREQUIPA,MARIANO MELGAR,AREQUIPA,AREQUIPA,AREQUIPA,DPD_32613
39061,Samuel,Cortés,Computer Science,M,2019-01,S,Privada Particular,209.0,0,AREQUIPA,AREQUIPA,AREQUIPA,AREQUIPA,AREQUIPA,CHIGUATA,DPD_39061
27206,Marcos,Duarte,Computer Science,M,2019-01,S,Privada Particular,90.0,0,CUSCO,CUSCO,SANTIAGO,AREQUIPA,AREQUIPA,JOSE LUIS BUSTAMANTE Y RIVERO,DPD_27206
35495,Samuel,Molina,Computer Science,M,2018-01,S,Privada Particular,113.0,0,AREQUIPA,AREQUIPA,AREQUIPA,AREQUIPA,AREQUIPA,JOSE LUIS BUSTAMANTE Y RIVERO,DPD_35495
33632,Andrés,Aguilar,Computer Science,M,2017-01,S,Privada Particular,98.0,0,AREQUIPA,AREQUIPA,AREQUIPA,AREQUIPA,AREQUIPA,YANAHUARA,DPD_33632
36720,María,Jiménez,Computer Science,F,2018-02,S,Privada Particular,120.0,0,TACNA,TACNA,CALANA,TACNA,TACNA,CRNEL.GREGORIO ALBARRACIN LANCHIPA,DPD_36720
29179,Daniela,Valenzuela,Computer Science,F,2018-02,S,Pública en Convenio,128.0,0,AREQUIPA,AREQUIPA,AREQUIPA,AREQUIPA,AREQUIPA,PAUCARPATA,DPD_29179
36322,Sergio,Soto,Computer Science,M,2018-01,S,Pública Sector Educación,113.0,0,AREQUIPA,AREQUIPA,AREQUIPA,AREQUIPA,AREQUIPA,JOSE LUIS BUSTAMANTE Y RIVERO,DPD_36322
31988,Marcos,Cabrera,Computer Science,M,2016-02,S,Privada Parroquial,60.0,0,AREQUIPA,AREQUIPA,JACOBO HUNTER,AREQUIPA,AREQUIPA,JACOBO HUNTER,DPD_31988
37419,Agustín,Contreras,Computer Science,M,2019-01,S,Pública Sector Educación,185.0,0,AREQUIPA,AREQUIPA,AREQUIPA,AREQUIPA,AREQUIPA,CERRO COLORADO,DPD_37419
31742,Bruno,Márquez,Computer Science,M,2016-01,S,Privada Particular,105.0,0,AREQUIPA,AREQUIPA,AREQUIPA,AREQUIPA,AREQUIPA,MIRAFLORES,DPD_31742
35288,Roberto,Sánchez,Computer Science,M,2018-01,S,Pública Sector Educación,128.0,0,AREQUIPA,AREQUIPA,AREQUIPA,AREQUIPA,AREQUIPA,AREQUIPA,DPD_35288
36224,Luis,Rojas,Computer Science,M,2018-01,S,Privada Particular,181.0,0,AREQUIPA,AREQUIPA,AREQUIPA,AREQUIPA,AREQUIPA,CAYMA,DPD_36224
33434,Esteban,Pizarro,Computer Science,M,2017-01,S,Pública en Convenio,128.0,0,AREQUIPA,AREQUIPA,AREQUIPA,AREQUIPA,AREQUIPA,AREQUIPA,DPD_33434
28805,Nicolás,Pizarro,Computer Science,M,2016-02,S,Privada Particular,128.0,0,AREQUIPA,AREQUIPA,AREQUIPA,AREQUIPA,AREQUIPA,MARIANO MELGAR,DPD_28805
36126,Agustín,Gutiérrez,Computer Science,M,2018-01,S,Privada Particular,128.0,0,LIMA,LIMA,LA VICTORIA,LIMA,LIMA,SAN JUAN DE LURIGANCHO,DPD_36126
33640,Mateo,Martínez,Computer Science,M,2017-01,S,Privada Particular,135.0,0,AREQUIPA,AREQUIPA,AREQUIPA,AREQUIPA,AREQUIPA,MARIANO MELGAR,DPD_33640
35680,Iván,García,Computer Science,M,2018-01,S,Privada Particular,128.0,0,AREQUIPA,AREQUIPA,AREQUIPA,AREQUIPA,AREQUIPA,YANAHUARA,DPD_35680
38990,Hugo,Ramos,Computer Science,M,2019-01,S,Pública Sector Educación,183.0,0,AREQUIPA,ISLAY,MOLLENDO,AREQUIPA,ISLAY,ISLAY,DPD_38990
38620,Javier,Ramos,Computer Science,M,2019-01,S,Privada Particular,157.0,0,AREQUIPA,AREQUIPA,AREQUIPA,AREQUIPA,AREQUIPA,SACHACA,DPD_38620
37590,Samuel,Sánchez,Computer Science,M,2019-01,S,Privada Particular,189.0,0,AREQUIPA,AREQUIPA,AREQUIPA,AREQUIPA,AREQUIPA,JOSE LUIS BUSTAMANTE Y RIVERO,DPD_37590
32145,Rodrigo,Bustamante,Computer Science,M,2016-02,S,Pública otro Sector Público,105.0,0,AREQUIPA,AREQUIPA,CAYMA,AREQUIPA,AREQUIPA,JOSE LUIS BUSTAMANTE Y RIVERO,DPD_32145
34948,Rafael,Fuentes,Computer Science,M,2017-02,S,Privada Particular,105.0,0,AREQUIPA,AREQUIPA,PAUCARPATA,AREQUIPA,AREQUIPA,JOSE LUIS BUSTAMANTE Y RIVERO,DPD_34948
37423,Mario,Muñoz,Computer Science,M,2018-02,S,Privada Particular,174.0,0,AREQUIPA,AREQUIPA,MIRAFLORES,AREQUIPA,AREQUIPA,MIRAFLORES,DPD_37423
33927,Mario,Delgado,Computer Science,M,2017-01,S,Privada Particular,135.0,0,UCAYALI,CORONEL PORTILLO,CALLERIA,AREQUIPA,AREQUIPA,AREQUIPA,DPD_33927
37658,Hugo,León,Computer Science,M,2018-02,S,Privada Particular,139.0,0,AREQUIPA,AREQUIPA,AREQUIPA,AREQUIPA,AREQUIPA,PAUCARPATA,DPD_37658
30303,Hugo,Martínez,Computer Science,M,2016-01,S,Privada Particular,128.0,0,AREQUIPA,AREQUIPA,AREQUIPA,AREQUIPA,AREQUIPA,SOCABAYA,DPD_30303
35988,Samuel,Rodríguez,Computer Science,M,2018-01,S,Privada Particular,128.0,0,AREQUIPA,AREQUIPA,AREQUIPA,AREQUIPA,AREQUIPA,CERRO COLORADO,DPD_35988
32245,Enrique,Navarro,Computer Science,M,2016-02,S,Pública en Convenio,143.0,0,AREQUIPA,AREQUIPA,AREQUIPA,AREQUIPA,AREQUIPA,JOSE LUIS BUSTAMANTE Y RIVERO,DPD_32245
37632,Nicolás,González,Computer Science,M,2019-01,S,Privada Particular,244.0,0,AREQUIPA,AREQUIPA,PAUCARPATA,AREQUIPA,AREQUIPA,YURA,DPD_37632
7240,Nicolás,Rojas,Computer Science,M,2018-02,S,Privada Parroquial,227.0,0,AREQUIPA,AREQUIPA,AREQUIPA,AREQUIPA,AREQUIPA,AREQUIPA,DPD_7240
32734,Fernando,Fuentes,Computer Science,M,2017-01,S,Privada Particular,150.0,0,AREQUIPA,AREQUIPA,AREQUIPA,AREQUIPA,AREQUIPA,ALTO SELVA ALEGRE,DPD_32734
33107,Tomás,Aguilar,Computer Science,M,2017-01,S,Privada Particular,120.0,0,AREQUIPA,AREQUIPA,PAUCARPATA,AREQUIPA,AREQUIPA,AREQUIPA,DPD_33107
39211,Antonio,Acosta,Computer Science,M,2019-01,S,Privada Particular,211.0,0,AREQUIPA,AREQUIPA,AREQUIPA,AREQUIPA,AREQUIPA,MIRAFLORES,DPD_39211
31677,Bruno,Pérez,Computer Science,M,2016-01,S,Pública Sector Educación,120.0,0,AREQUIPA,AREQUIPA,AREQUIPA,AREQUIPA,AREQUIPA,CERRO COLORADO,DPD_31677
36290,Antonio,León,Computer Science,M,2018-01,S,Privada Particular,113.0,0,AREQUIPA,AREQUIPA,AREQUIPA,AREQUIPA,AREQUIPA,YANAHUARA,DPD_36290
